{"max": [0.159497, 0.535683, -0.0395826], "centroid": [0.04843444811795564, 0.36188240398544036, -0.1735547088868665], "id": "70367e4fd1ad753427eb00c151c6f711", "numVertices": 3297, "min": [-0.0731654, 0.0, -0.282501]}
