{"max": [-0.0391494, 0.249109, 0.0382882], "centroid": [-0.05014939999999989, 0.007897179567328907, 0.01989056568322301], "id": "e688f0697b9a970c6402b8f491cd92c7", "numVertices": 906, "min": [-0.0611494, -0.0612399, -0.00991088]}
