{"max": [0.00890396, 0.10084, 0.058369], "centroid": [-0.024324598778393366, 0.04990478444875348, 0.024365740814404444], "id": "97ca02ee1e7b8efb6193d9e76bb15876", "numVertices": 722, "min": [-0.0575173, -0.000759638, -0.00890396]}
