{"0": [[0.0, 0.0, 0.0], [0.0, 0.0, 0.0, 1.0]], "1": [[0.0, 0.0, 0.0], [0.0, 0.0, 0.0, 1.0]], "2": [[-0.3, 0.45, 0.004094400003552441], [0.0, 0.0, 0.0, 1.0]], "3": [[-0.3, -0.45, 0.005999999955296514], [0.0, 0.0, 0.0, 1.0]], "4": [[-0.3364379107952118, -0.1122075766324997, 0.0060152411460876465], [-8.914107055364615e-09, 1.71288660243235e-08, -0.22183386931514534, 0.9750844755325924]], "5": [[-0.15007029473781586, 0.1190539002418518, 0.006000000052154064], [0.0, 0.0, 0.1405378893448375, 0.9900753010041702]], "6": [[0.38364771008491516, 0.46101176738739014, 0.022534899413585663], [0.0, 0.0, -0.19482159213344025, 0.9808386958305588]], "7": [[0.28034523129463196, 0.03140295296907425, 0.022534899413585663], [0.0, 0.0, -0.35805062307448643, 0.9337021748480465]], "8": [[0.47897905111312866, -0.49103111028671265, 0.04890339821577072], [0.0, 0.0, 0.21214394344430068, 0.9772384290744512]], "9": [[0.27890512347221375, 0.019503602758049965, 0.07544614374637604], [1.4796938191346432e-08, -2.9381129225235912e-08, 0.9072428526037272, -0.420607187764844]], "10": [[0.2574938237667084, 0.08638586848974228, 0.09418325126171112], [1.182668001624863e-08, -6.0061124640102505e-09, -0.037513434685645636, 0.9992961233879003]], "11": [[0.3371025621891022, 0.4414769411087036, 0.07702866196632385], [2.6138502655467443e-08, 4.401484643681666e-08, -0.5975519954822877, 0.8018301644956577]], "12": [[0.003508149879053235, -0.04683113843202591, 0.028230898082256317], [0.0, 0.0, 0.9849299648596364, 0.17295364789907036]], "13": [[0.3120959997177124, -0.049743786454200745, 0.10203287750482559], [0.0, 0.0, -0.6740444361936477, 0.7386908000214891]]}