{"0": [[0.0, 0.0, 0.0], [0.0, 0.0, 0.0, 1.0]], "1": [[0.0, 0.0, 0.0], [0.0, 0.0, 0.0, 1.0]], "2": [[-0.3, 0.45, 0.004094400003552441], [0.0, 0.0, 0.0, 1.0]], "3": [[-0.3, -0.45, 0.005999999955296514], [0.0, 0.0, 0.0, 1.0]], "4": [[0.35, -0.45, -0.005702903779664814], [0.0, 0.0, 0.0, 1.0]], "5": [[0.1106158122420311, 0.07426948845386505, 0.006000000052154064], [0.0, 0.0, 0.152751786697266, 0.9882645858578526]], "6": [[0.3850628435611725, 0.4557052552700043, 0.056970495730638504], [0.0, 0.0, -0.19482159213344025, 0.9808386958305588]], "7": [[0.35022610425949097, -0.43606433272361755, 0.13913843035697937], [3.3991385871080715e-12, 5.6169355019498694e-08, -0.6997570349424558, 0.7143809152325807]], "8": [[-0.5505829453468323, 0.3797139525413513, 0.03777389973402023], [0.0, 0.0, 0.9627707000361567, -0.2703194021003463]], "9": [[-0.0340198315680027, 0.31935933232307434, 0.05651099979877472], [0.0, 0.0, 0.8074603699415768, 0.5899218176790989]], "10": [[0.11693183332681656, -0.1513129025697708, 0.004999999888241291], [0.0, 0.0, 0.9317584373303949, -0.3630787992483461]], "11": [[0.09413635730743408, 0.06719749420881271, 0.004999999888241291], [0.0, 0.0, -0.6740444361936477, 0.7386908000214891]], "12": [[-0.5818465352058411, -8.625793998362496e-05, 0.006009046453982592], [0.0, 0.0, 0.21333922506094827, 0.9769781855550277]]}