{"0": [[0.0, 0.0, 0.0], [0.0, 0.0, 0.0, 1.0]], "1": [[0.0, 0.0, 0.0], [0.0, 0.0, 0.0, 1.0]], "2": [[-0.3, 0.45, 0.004094400003552441], [0.0, 0.0, 0.0, 1.0]], "3": [[-0.3, -0.45, 0.005999999955296514], [0.0, 0.0, 0.0, 1.0]], "4": [[-0.3103935718536377, 0.5066996216773987, 0.06214485317468643], [5.097428613248516e-10, 3.507531676382869e-08, -0.764306227040804, 0.6448534649877051]], "5": [[0.2689538300037384, 0.4755379259586334, 0.006000000052154064], [0.0, 0.0, -0.19482159213344025, 0.9808386958305588]], "6": [[0.4159277379512787, -0.42548996210098267, 0.022534899413585663], [0.0, 0.0, 0.21214394344430068, 0.9772384290744512]], "7": [[-0.4658159911632538, 0.32823750376701355, 0.022534899413585663], [0.0, 0.0, 0.9627707000361567, -0.2703194021003463]], "8": [[0.4238525629043579, 0.5435051918029785, 0.04890339821577072], [0.0, 0.0, 0.7668092187399961, 0.6418750829058228]], "14": [[-0.3343655467033386, -0.1358620971441269, 0.028230898082256317], [0.0, 0.0, 0.9072428306866895, -0.42060723503953523]], "10": [[0.42106252908706665, -0.44044965505599976, 0.09418325126171112], [1.000808380965577e-08, -2.64559464670112e-08, 0.6284911983350046, 0.777816696667942]], "11": [[0.03833438456058502, -0.060296230018138885, 0.03935642167925835], [0.0, 0.0, 0.9849299648596364, 0.17295364789907036]], "12": [[-0.2406264990568161, -0.3639684319496155, 0.028230898082256317], [0.0, 0.0, 0.5107652757548506, 0.8597202062782237]], "13": [[-0.1536266803741455, 0.0791296660900116, 0.10203287750482559], [0.0, 0.0, -0.5478975842823801, 0.8365454184546899]], "9": [[-0.3305622637271881, 0.42966482043266296, 0.18291980028152466], [3.138182460693574e-08, -3.5240938677325235e-08, 0.4370881194396925, 0.8994186877337333]]}