{"0": [[0.0, 0.0, 0.0], [0.0, 0.0, 0.0, 1.0]], "1": [[0.0, 0.0, 0.0], [0.0, 0.0, 0.0, 1.0]], "2": [[0.35, -0.45, 0.004094400003552441], [0.0, 0.0, 0.0, 1.0]], "3": [[-0.3, -0.45, 0.005999999955296514], [0.0, 0.0, 0.0, 1.0]], "4": [[0.3, 0.45, -0.005702903779664814], [0.0, 0.0, 0.0, 1.0]], "5": [[0.28499120473861694, -0.5453295111656189, 0.062144845724105835], [8.955933531799716e-09, 1.0871076381368867e-08, 0.647457467643945, 0.7621015861367103]], "6": [[0.28523194789886475, 0.28729209303855896, -0.01887551322579384], [0.0, 0.0, 0.5801273461054345, 0.8145257898315225]], "7": [[-0.12929275631904602, 0.08975735306739807, 0.056970495730638504], [0.0, 0.0, -0.6858684059993749, 0.7277255867783382]], "8": [[-0.14353011548519135, -0.35069704055786133, 0.03777389973402023], [0.0, 0.0, -0.6546360425059828, 0.7559442121295096]], "9": [[-0.49391597509384155, 0.325077086687088, 0.004586399998515844], [0.0, 0.0, -0.12578239976416658, 0.9920578551221533]], "10": [[0.04699227586388588, 0.02856489084661007, 0.004999999888241291], [0.0, 0.0, 0.9709167255453249, -0.2394174430912337]], "11": [[0.4810994565486908, -0.08110658824443817, 0.004999999888241291], [0.0, 0.0, 0.2412060033885922, 0.9704739377898318]], "12": [[-0.09207948297262192, 0.625092625617981, 0.006009046453982592], [0.0, 0.0, 0.9191703842382041, -0.3938601334730291]]}