{"0": [[0.0, 0.0, 0.0], [0.0, 0.0, 0.0, 1.0]], "1": [[0.0, 0.0, 0.0], [0.0, 0.0, 0.0, 1.0]], "2": [[0.35, -0.45, 0.004094400003552441], [0.0, 0.0, 0.0, 1.0]], "3": [[-0.3, -0.45, 0.005999999955296514], [0.0, 0.0, 0.0, 1.0]], "4": [[0.3, 0.45, -0.005702903779664814], [0.0, 0.0, 0.0, 1.0]], "5": [[0.17546311020851135, -0.011459089815616608, 0.0060152411460876465], [8.127172164166131e-10, -1.4467632339680841e-08, 0.9451594280911144, -0.3266093316034881]], "6": [[0.28523194789886475, 0.28729209303855896, -0.01887551322579384], [0.0, 0.0, 0.5801273461054345, 0.8145257898315225]], "7": [[-0.12929275631904602, 0.08975735306739807, 0.056970495730638504], [0.0, 0.0, -0.6858684059993749, 0.7277255867783382]], "8": [[-0.12865306437015533, 0.08110184967517853, 0.15889492630958557], [4.9508625009292256e-08, 8.493534807956361e-10, -0.43889829741497427, 0.8985367463416476]], "9": [[-0.49391597509384155, 0.325077086687088, 0.004586399998515844], [0.0, 0.0, -0.1257823997641666, 0.9920578551221533]], "10": [[0.12293104827404022, 0.473496675491333, 0.15173664689064026], [-1.4225013862519668e-08, -2.410478006681236e-08, 0.8750766396974219, 0.48398437439226044]], "11": [[0.4810994565486908, -0.08110658824443817, 0.004999999888241291], [0.0, 0.0, 0.2412060033885922, 0.9704739377898318]], "12": [[-0.09207948297262192, 0.625092625617981, 0.006009046453982592], [0.0, 0.0, 0.9191703842382041, -0.3938601334730291]]}