{"0": [[0.0, 0.0, 0.0], [0.0, 0.0, 0.0, 1.0]], "1": [[0.0, 0.0, 0.0], [0.0, 0.0, 0.0, 1.0]], "2": [[0.3, 0.45, 0.004094400003552441], [0.0, 0.0, 0.0, 1.0]], "3": [[-0.3, -0.45, 0.005999999955296514], [0.0, 0.0, 0.0, 1.0]], "4": [[0.35, -0.45, -0.005702903779664814], [0.0, 0.0, 0.0, 1.0]], "5": [[-0.185615673661232, 0.489421546459198, 0.006000000052154064], [0.0, 0.0, -0.7474979807263392, 0.6642640806261056]], "6": [[-0.16647669672966003, -0.3615022301673889, 0.006000000052154064], [0.0, 0.0, -0.6024760530213278, 0.7981369591341089]], "7": [[0.39567843079566956, -0.30200615525245667, 0.056970495730638504], [0.0, 0.0, -0.6953157600141103, 0.7187043855967488]], "8": [[0.30922895669937134, 0.42231282591819763, 0.022534899413585663], [0.0, 0.0, 0.8044248520801711, 0.5940544228905253]], "9": [[-0.3237254321575165, 0.2846551537513733, 0.05651099979877472], [0.0, 0.0, 0.9348192447020429, -0.3551238935001446]], "10": [[-0.027338972315192223, -0.43597012758255005, 0.05651099979877472], [0.0, 0.0, -0.8563986502732354, 0.5163151671316474]], "11": [[-0.4688847064971924, -0.011878684163093567, 0.05651099979877472], [0.0, 0.0, -0.34366017882594896, 0.9390940748877701]], "12": [[-0.5271956920623779, -0.2972794473171234, 0.028230898082256317], [0.0, 0.0, 0.9437190925654059, -0.33074805264358986]]}