{"0": [[0.0, 0.0, 0.0], [0.0, 0.0, 0.0, 1.0]], "1": [[0.0, 0.0, 0.0], [0.0, 0.0, 0.0, 1.0]], "2": [[0.3, 0.45, 0.004094400003552441], [0.0, 0.0, 0.0, 1.0]], "3": [[-0.3, -0.45, 0.005999999955296514], [0.0, 0.0, 0.0, 1.0]], "4": [[0.35, -0.45, -0.005702903779664814], [0.0, 0.0, 0.0, 1.0]], "5": [[-0.45462849736213684, 0.12567700445652008, 0.006000000052154064], [0.0, 0.0, 0.5614810878314339, 0.8274895697273952]], "6": [[0.1635715216398239, -0.1748795062303543, 0.006000000052154064], [0.0, 0.0, -0.3847253111953439, 0.9230311126531141]], "7": [[0.13210158050060272, 0.362079918384552, 0.056970495730638504], [0.0, 0.0, 0.9837757806202131, 0.17940237864947703]], "8": [[0.5047693252563477, -0.04969196394085884, 0.022534899413585663], [0.0, 0.0, 0.9949401551781011, 0.1004693366862552]], "9": [[0.4949304461479187, -0.014484981074929237, 0.06964674592018127], [2.8042903763506738e-08, 4.364512487516391e-08, -0.3883797966791958, 0.9214993942110997]], "10": [[-0.2924248278141022, -0.4517591595649719, 0.10580864548683167], [1.7575626474460173e-08, 7.83560336059919e-10, 0.5788092674731498, 0.8154629555578816]], "12": [[-0.10101386904716492, 0.0894203707575798, 0.028230898082256317], [0.0, 0.0, 0.9478630558991764, 0.3186779365777852]], "11": [[0.13564686477184296, 0.3527374863624573, 0.1656443476676941], [4.082707503223572e-08, -1.3491957766020765e-08, -0.4745495018808878, 0.8802288169928314]]}