{"0": [[0.0, 0.0, 0.0], [0.0, 0.0, 0.0, 1.0]], "1": [[0.0, 0.0, 0.0], [0.0, 0.0, 0.0, 1.0]], "2": [[0.35, -0.45, 0.004094400003552441], [0.0, 0.0, 0.0, 1.0]], "3": [[-0.3, 0.45, 0.005999999955296514], [0.0, 0.0, 0.0, 1.0]], "4": [[0.3, 0.45, -0.005702903779664814], [0.0, 0.0, 0.0, 1.0]], "5": [[0.17377784848213196, 0.01163624506443739, 0.006000000052154064], [0.0, 0.0, 0.9803491660216305, -0.19727015151992383]], "6": [[-0.2782057523727417, 0.09634499996900558, 0.006000000052154064], [0.0, 0.0, -0.6276914772046658, 0.7784622081030167]], "7": [[-0.04558056220412254, -0.15455804765224457, 0.022534899413585663], [0.0, 0.0, -0.4031146598246692, 0.9151494801585374]], "8": [[-0.38366028666496277, -0.41177740693092346, -0.01887551322579384], [0.0, 0.0, 0.9957067271306806, 0.0925641050662096]], "9": [[0.09637584537267685, 0.19880153238773346, 0.03197449818253517], [0.0, 0.0, -0.47238906446303125, 0.8813901359646261]], "10": [[0.5433790683746338, -0.19936969876289368, 0.03935642167925835], [0.0, 0.0, -0.31720180436028195, 0.9483580628172997]], "11": [[0.19601121544837952, 0.3526275157928467, 0.03935642167925835], [0.0, 0.0, 0.6408228255998699, 0.7676888081704712]], "12": [[0.39698004722595215, 0.2848987281322479, 0.028230898082256317], [0.0, 0.0, 0.9972120516304295, 0.0746198638636502]]}