{"0": [[0.0, 0.0, 0.0], [0.0, 0.0, 0.0, 1.0]], "1": [[0.0, 0.0, 0.0], [0.0, 0.0, 0.0, 1.0]], "2": [[-0.3, 0.45, 0.004094400003552441], [0.0, 0.0, 0.0, 1.0]], "3": [[0.35, -0.45, 0.005999999955296514], [0.0, 0.0, 0.0, 1.0]], "4": [[0.3, 0.45, -0.005702903779664814], [0.0, 0.0, 0.0, 1.0]], "5": [[0.26964038610458374, 0.23444737493991852, 0.006000000052154064], [0.0, 0.0, 0.04910955082092532, 0.9987933980649687]], "6": [[-0.33951765298843384, -0.09738613665103912, 0.006000000052154064], [0.0, 0.0, 0.6140377213360151, 0.789276679483484]], "7": [[-0.13619191944599152, 0.4221935272216797, 0.056970495730638504], [0.0, 0.0, 0.9044038941470982, -0.4266773913058489]], "8": [[0.4480600357055664, -0.3464677929878235, 0.022534899413585663], [0.0, 0.0, 0.3096529522665222, 0.9508496459233852]], "9": [[0.418916255235672, 0.01431709062308073, 0.03197449818253517], [0.0, 0.0, -0.6915761299873087, 0.722303576366459]], "10": [[0.3860973119735718, -0.45682644844055176, 0.11047954857349396], [1.47126980359593e-08, -4.083994848117218e-08, 0.9344426025762865, -0.3561137774510479]], "11": [[-0.06194469705224037, 0.010892854072153568, 0.08759000152349472], [0.0, 0.0, -0.04267986895713443, 0.999088799249497]], "12": [[-0.13223035633563995, -0.26193708181381226, 0.028230898082256317], [0.0, 0.0, 0.8285585725409298, 0.5599023949483847]]}