{"max": [0.0143806, -0.0295197, 0.0642399], "centroid": [-0.0018068109101978692, -0.1857578351598174, 0.03791917701674279], "id": "22671e883ceefd85e41f3b9c5c62b1e7", "numVertices": 657, "min": [-0.0160938, -0.303726, -0.0322952]}
