{"max": [-0.252957, 1.78287, 1.40002], "centroid": [-0.7443182935871753, 1.1265010012024044, 0.9130057264529062], "id": "990a058fbb51c655d773a8448a79e14c", "numVertices": 998, "min": [-1.23106, 0.0696167, 0.421914]}
