{"max": [-1.79391, -1.05564, 0.525681], "centroid": [-1.9048249582947245, -1.079149592215006, 0.46454915083411125], "id": "a8943da1522d056650da8b99982a3057", "numVertices": 4316, "min": [-2.01391, -1.10564, 0.376681]}
