{"max": [0.031, 0.111, 0.031], "centroid": [0.00961263515446251, 0.03105922411741347, -0.0015552811003173349], "id": "4a6ba57aa2b47dfade1831cbcbd278d4", "numVertices": 2521, "min": [-0.031, 0.0, -0.031]}
